{"cameraMode":{"drawMode":0,"name":"Shaded","section":"Shading Mode"},"sceneLighting":true,"audioPlay":false,"sceneViewState":{"m_AlwaysRefresh":false,"showFog":true,"showSkybox":true,"showFlares":true,"showImageEffects":true,"showParticleSystems":true,"showVisualEffectGraphs":true,"m_FxEnabled":true},"in2DMode":false,"pivot":{"x":0.4354928731918335,"y":2.0120158195495607,"z":6.196138858795166},"rotation":{"x":0.060256477445364,"y":-0.016767608001828195,"z":0.0010085979010909796,"w":0.9980685114860535},"size":9.236689567565918,"orthographic":false}